(500) Days of Summer,(500) Days of Summer,Plex,PG-13,Surround,No,95,DVD,Movie,2009,
1917,1917,Play Movies,R,Atmos,No,119,Blu-ray,Movie,2019,
2011 NBA Champions: Dallas Mavericks,2011 NBA Champions: Dallas Mavericks,Plex,N/A,Stereo,No,70,DVD,Movie,2011,
A Fairly Odd Summer,A Fairly Odd Summer,Play Movies,G,Stereo,No,67,None,Movie,2014,
A Perfect World,A Perfect World,Plex,PG-13,Surround,No,138,DVD,Movie,1993,
A Stork's Journey,A Stork's Journey,Play Movies,PG,Surround,No,84,None,Movie,2017,
A View to a Kill,A View to a Kill,Plex,PG,Stereo,No,131,Blu-ray,Movie,1985,James Bond 14
Absolute Power,Absolute Power,Plex,R,Surround,No,121,DVD,Movie,1997,
Agatha Christie's Poirot Season 1 (10 Episodes),Agatha Christie's Poirot Season 01 (10 Episodes),Plex,TV-14,Stereo,No,514,DVD,TV,1989,
Agatha Christie's Poirot Season 2 (9 Episodes),Agatha Christie's Poirot Season 02 (9 Episodes),Plex,TV-14,Stereo,No,520,None,TV,1990,
Agatha Christie's Poirot Season 3 (11 Episodes),Agatha Christie's Poirot Season 03 (11 Episodes),Plex,TV-14,Stereo,No,627,None,TV,1990,
Agatha Christie's Poirot Season 4 (3 Episodes),Agatha Christie's Poirot Season 04 (3 Episodes),Plex,TV-14,Stereo,No,317,None,TV,1992,
Agatha Christie's Poirot Season 5 (8 Episodes),Agatha Christie's Poirot Season 05 (8 Episodes),Plex,TV-14,Stereo,No,417,None,TV,1993,
Agatha Christie's Poirot Season 6 (4 Episodes),Agatha Christie's Poirot Season 06 (4 Episodes),Plex,TV-14,Stereo,No,427,None,TV,1995,
Agatha Christie's Poirot Season 7 (2 Episodes),Agatha Christie's Poirot Season 07 (2 Episodes),Plex,TV-14,Stereo,No,206,None,TV,2000,
Agatha Christie's Poirot Season 8 (2 Episodes),Agatha Christie's Poirot Season 08 (2 Episodes),Plex,TV-14,Stereo,No,206,None,TV,2001,
Agatha Christie's Poirot Season 9 (4 Episodes),Agatha Christie's Poirot Season 09 (4 Episodes),Plex,TV-14,Stereo,No,392,None,TV,2003,
Agatha Christie's Poirot Season 10 (4 Eipsodes),Agatha Christie's Poirot Season 10 (4 Eipsodes),Plex,TV-14,Stereo,No,388,None,TV,2005,
Agatha Christie's Poirot Season 11 (4 Episodes),Agatha Christie's Poirot Season 11 (4 Episodes),Plex,TV-14,Stereo,No,388,None,TV,2008,
Agatha Christie's Poirot Season 12 (4 Episodes),Agatha Christie's Poirot Season 12 (4 Episodes),Plex,TV-14,Stereo,No,368,None,TV,2009,
Agatha Christie's Poirot Season 13 (5 Episodes),Agatha Christie's Poirot Season 13 (5 Episodes),Plex,TV-14,Stereo,No,442,None,TV,2013,
Airheads,Airheads,Plex,PG-13,Surround,No,92,DVD,Movie,1994,
Alice in Wonderland,Alice in Wonderland,Plex,G,Surround,No,75,DVD,Movie,1951,
All Creatures Big and Small,All Creatures Big and Small,Play Movies,G,Surround,No,80,None,Movie,2015,
Amityville: The Awakening,Amityville: The Awakening,Play Movies,PG-13,Surround,No,87,None,Movie,2017,
Anchorman: The Legend of Ron Burgundy,Anchorman: The Legend of Ron Burgundy,Plex,R,Surround,No,98,DVD,Movie,2004,
The Animatrix,Animatrix,DVD,PG-13,Surround,No,89,DVD,Movie,2003,
Ant-Man,Ant-Man,Play Movies,PG-13,Surround,No,117,Blu-ray,Movie,2015,Marvel Phase 2: 6
Anvil: The Story of Anvil,Anvil: The Story of Anvil,Plex,N/A,Surround,No,80,DVD,Movie,2008,
Any Which Way You Can,Any Which Way You Can,Plex,PG,Surround,No,116,DVD,Movie,1980,
Austin Powers in Goldmember,Austin Powers in Goldmember,Plex,PG-13,Surround,No,98,DVD,Movie,2002,
Avatar: The Last Airbender Season 1 (20 Episodes),Avatar: The Last Airbender Season 1 (20 Episodes),Plex,TV-Y7,Stereo,No,489,DVD,TV,2006,
Avatar: The Last Airbender Season 2 (20 Episodes),Avatar: The Last Airbender Season 2 (20 Episodes),Plex,TV-Y7,Stereo,No,492,DVD,TV,2007,
The Avengers,Avengers,Plex,PG-13,Surround,No,143,Blu-ray,Movie,2012,Marvel Phase 1: 6
Avengers: Infinity War,Avengers 3,Play Movies,PG-13,Surround,No,149,None,Movie,2018,Marvel Phase 3: 7
Avengers Endgame,Avengers 4,Play Movies,PG-13,Atmos*,Yes,181,Blu-ray ,Movie,2019,Marvel Phase 3: 10
Bad Santa,Bad Santa,Play Movies,R,Stereo,No,91,None,Movie,2004,
BASEketball,BASEketball,Plex,R,Surround,No,104,DVD,Movie,1998,
Batman Begins,Batman Begins,Plex,PG-13,Surround,No,140,DVD,Movie,2005,The Dark Knight 1
The Dark Knight,Dark Knight,Plex,PG-13,Surround,No,153,DVD,Movie,2008,The Dark Knight 2
The Dark Knight Rises,Dark Knight Rises,Play Movies,PG-13,Surround,No,164,Blu-ray,Movie,2012,The Dark Knight 3
Big,Big,Play Movies,PG,Surround,No,104,None,Movie,1988,
Big Hero 6,Big Hero 6,Play Movies,PG,Surround,No,101,None,Movie,2014,
The Big Lebowski,Big Lebowski,Plex,R,Surround,No,118,DVD,Movie,1998,
Bird,Bird,Plex,R,Surround,No,160,DVD,Movie,1988,
Black Panther,Black Panther,Play Movies,PG-13,Surround,No,134,Blu-ray,Movie,2018,Marvel Phase 3: 6
Blades of Glory,Blades of Glory,Plex,PG-13,Surround,No,93,DVD,Movie,2007,
Blank: A Vinylmation,Blank: A Vinylmation,Play Movies,N/A,Surround,No,37,None,Movie,2014,
Blazing Saddles,Blazing Saddles,Plex,R,Surround,No,93,DVD,Movie,1974,
Blood Work,Blood Work,Plex,R,Surround,No,110,DVD,Movie,2002,
Bloodsuckers from Outer Space,Bloodsuckers from Outer Space,Plex,R,Stereo,No,80,DVD,Movie,1984,
Blue Collar Comedy Tour: The Movie,Blue Collar Comedy Tour: The Movie,Plex,PG-13,Surround,No,106,DVD,Movie,2003,
Bowfinger,Bowfinger,Plex,PG-13,Surround,No,97,DVD,Movie,1999,
The Bridges of Madison County,Bridges of Madison County,Plex,PG-13,Surround,No,134,DVD,Movie,1995,
Bronco Billy,Bronco Billy,Plex,PG,Stereo,No,116,DVD,Movie,1980,
Bunyan & Babe,Bunyan & Babe,Play Movies,N/A,Surround,No,84,None,Movie,2017,
Caddyshack,Caddyshack,Plex,R,Mono,No,98,DVD,Movie,1980,
Captain America: Civil War,Captain America: Civil War,Play Movies,PG-13,Surround,No,147,None,Movie,2016,Marvel Phase 3: 1
Casablanca,Casablanca,Plex,PG,Mono,No,102,DVD,Movie,1942,
Casino Royale,Casino Royale,Plex,PG-13,Surround,No,144,Blu-ray,Movie,2006,James Bond 21
Chappelle's Show Season 1 (12 Episodes),Chappelle's Show Season 1 (12 Episodes),Plex,N/A,Stereo,No,283,DVD,TV,2003,
Christmas at Mee-maw and Paw-paw's 1965-1983,Christmas at Mee-maw and Paw-paw's 1965-1983,Plex,N/A,Mono,No,33,DVD,Movie,2006,
City Heat,City Heat,Plex,PG,Surround,No,97,DVD,Movie,1984,
Cloverfield,Cloverfield,Plex,PG-13,Surround,No,84,DVD,Movie,2008,
Clue,Clue,Plex,PG,Mono,No,96,DVD,Movie,1985,
Colleen Saidman's Yoga for Weight Loss (3 Episodes),Colleen Saidman's Yoga for Weight Loss (3 Episodes),Plex,N/A,Mono,No,60,DVD,TV,2012,
Daddy's Home,Daddy's Home,Play Movies,PG-13,Surround,No,96,None,Movie,2015,
Daddy's Home 2,Daddy's Home 2,Play Movies,PG-13,Surround,Yes,99,None,Movie,2017,
The Dead Pool,Dead Pool,Plex,R,Surround,No,91,DVD,Movie,1988,
Deadpool,Deadpool,Play Movies,R,Surround,Yes,108,Blu-ray,Movie,2016,
Demon Slayer - Kimetsu no Yaiba The Movie: Mugen Train,Demon Slayer - Kimetsu no Yaiba The Movie: Mugen Train,Play Movies,R,Surround,No,116,None,Movie,2020,
Despicable Me,Despicable Me,Plex,PG,Surround,No,93,DVD,Movie,2010,
Diamonds Are Forever,Diamonds Are Forever,Plex,PG,Mono,No,120,Blu-ray,Movie,1971,James Bond 7
Die Another Day,Die Another Day,Plex,PG-13,Surround,No,133,Blu-ray,Movie,2002,James Bond 20
Dirty Dancing,Dirty Dancing,Plex,PG-13,Surround,No,105,DVD,Movie,1987,
Dirty Harry,Dirty Harry,Plex,R,Surround,No,102,DVD,Movie,1971,
Doctor Strange,Doctor Strange,Plex,PG-13,Atmos,Yes,115,Blu-ray,Movie,2016,Marvel Phase 3: 2
Dodgeball: A True Underdog Story,Dodgeball: A True Underdog Story,Play Movies,PG-13,Surround,No,92,None,Movie,2004,
Down to Earth,Down to Earth,Plex,PG-13,Surround,No,87,DVD,Movie,2001,
Downfall,Downfall,Plex,R,Surround,No,155,DVD,Movie,2004,
Downton Abbey Season 4 (9 Episodes),Downton Abbey Season 4 (9 Episodes),Play Movies,TV-14,Stereo,No,529,None,TV,2014,
Dr. No,Dr. No,Plex,PG,Mono,No,110,Blu-ray,Movie,1962,James Bond 1
The Eastwood Factor,Eastwood Factor,Plex,N/A,Surround,No,88,DVD,Movie,2010,
Elf,Elf,Play Movies,PG,Surround,No,96,DVD,Movie,2003,
Ella Enchanted,Ella Enchanted,Plex,PG,Surround,No,96,DVD,Movie,2004,
The Emperor's New Groove,Emperor's New Groove,DVD,G,Surround,No,78,DVD,Movie,2000,
Enchanted,Enchanted,Plex,PG,Surround,No,109,Blu-ray,Movie,2007,
The Enforcer,Enforcer,Plex,R,Surround,No,97,DVD,Movie,1976,
Every Which Way But Loose,Every Which Way But Loose,Plex,PG,Surround,No,114,DVD,Movie,1978,
Family Guy Season 3 (22 Episodes),Family Guy Season 3 (22 Episodes),Plex,TV-14,Surround,No,495,DVD,TV,2001,
"Family Guy Blue Harvest (Season 6, Episode 1)","Family Guy Season 6, Episode 1",Plex,TV-14,Surround,No,48,DVD,TV,2007,
The Fighter,Fighter,Plex,R,Surround,No,115,Blu-ray,Movie,2010,
Finding Nemo,Finding Nemo,Plex,G,Surround,No,100,DVD,Movie,2001,
Firefox,Firefox,DVD,PG,Surround,No,136,DVD,Movie,1982,
For Your Eyes Only,For Your Eyes Only,Plex,PG,Stereo,No,127,Blu-ray,Movie,1981,James Bond 12
Forgetting Sarah Marshall,Forgetting Sarah Marshall,Plex,R,Surround,No,118,Blu-ray,Movie,2008,
The Fresh Prince of Bel-Air Season 1 (24 Episodes),Fresh Prince of Bel-Air Season 1,Plex,TV-PG,Mono,No,588,DVD,TV,1990,
The Fresh Prince of Bel-Air Season 2 (24 Episodes),Fresh Prince of Bel-Air Season 2,Plex,TV-PG,Mono,No,562,DVD,TV,1991,
The Fresh Prince of Bel-Air Season 3 (24 Episodes),Fresh Prince of Bel-Air Season 3,Plex,TV-PG,Stereo,No,554,DVD,TV,1992,
Friday Night Lights,Friday Night Lights,Plex,PG-13,Surround,No,118,Blu-ray,Movie,2004,
From Russia with Love,From Russia with Love,Plex,PG,Mono,No,115,Blu-ray,Movie,1963,James Bond 2
Frozen,Frozen,Play Movies,PG,Surround,No,102,None,Movie,2013,
Galavant Season 1,Galavant Season 1,Plex,TV-PG,Stereo,No,176,None,TV,2015,
Galavant Season 2,Galavant Season 2,Plex,TV-PG,Stereo,No,210,None,TV,2016,
The Gauntlet,Gauntlet,Plex,R,Surround,No,109,DVD,Movie,1977,
Get Out,Get Out,Play Movies,R,Surround,No,104,None,Movie,2017,
Ghost Team,Ghost Team,Play Movies,PG-13,Surround,No,85,None,Movie,2016,
Ghostbusters,Ghostbusters,Play Movies,PG-13,Surround,No,133,None,Movie,2016,
Ghosts of Girlfriends Past,Ghosts of Girlfriends Past,Plex,PG-13,Surround,No,100,DVD,Movie,2009,
GoldenEye,GoldenEye,Plex,PG-13,Surround,No,130,Blu-ray,Movie,1995,James Bond 17
Goldfinger,Goldfinger,Plex,PG,Mono,No,110,Blu-ray,Movie,1964,James Bond 3
Gone Girl,Gone Girl,Play Movies,R,Surround,No,149,Blu-ray,Movie,2014,
Gran Torino,Gran Torino,Plex,R,Surround,No,116,DVD,Movie,2008,
The Grand Budapest Hotel,Grand Budapest Hotel,Plex,R,Surround,No,100,DVD,Movie,2014,
Gravity,Gravity,Play Movies,PG-13,Atmos,No,90,Blu-ray,Movie,2013,
The Green Hornet,Green Hornet,Play Movies,PG-13,Stereo,No,118,None,Movie,2011,
Guardians of the Galaxy,Guardians of the Galaxy,Play Movies,PG-13,Surround,No,120,Blu-ray,Movie,2014,Marvel Phase 2: 4
Gundam Evolve (15 Episodes),Gundam Evolve,Plex,N/A,Surround,No,116,None,TV,2001,
Gundam Wing: Operation Meteor,Gundam Wing: Operation Meteor,Plex,TV-14,Stereo,No,240,Blu-ray,TV,1996,
Gundam Wing: The Movie - Endless Waltz,Gundam Wing: The Movie - Endless Waltz,Plex,TV-14,Stereo,No,180,Blu-ray,Movie,1998,
Half Baked,Half Baked,Plex,R,Surround,No,83,DVD,Movie,2005,
Halo 4: Forward Unto Dawn,Halo 4: Forward Unto Dawn,Plex,TV-14,Surround,No,90,Blu-ray,TV,2012,
Hamlet 2,Hamlet 2,Plex,R,Surround,No,92,DVD,Movie,2008,
Harry Potter and the Sorcerer's Stone,Harry Potter,Play Movies,PG,Surround,No,152,Blu-ray,Movie,2001,
Harry Potter and the Chamber of Secrets,Harry Potter 2,Plex,PG,Surround,No,161,DVD,Movie,2002,
Harry Potter and the Prisoner of Azkaban,Harry Potter 3,Plex,PG,Surround,No,142,DVD,Movie,2004,
Harry Potter and the Goblet of Fire,Harry Potter 4,Plex,PG-13,Surround,No,157,DVD,Movie,2005,
Harry Potter and the Order of the Phoenix,Harry Potter 5,Plex,PG-13,Surround,No,139,Blu-ray,Movie,2007,
Harry Potter and the Half-Blood Prince,Harry Potter 6,Plex,PG,Surround,No,153,DVD,Movie,2009,
Harry Potter and the Deathly Hallows Part 1,Harry Potter 7,Plex,PG-13,Surround,No,146,DVD,Movie,2010,
Harry Potter and the Deathly Hallows Part 2,Harry Potter 8,Plex,PG-13,Surround,No,130,DVD,Movie,2011,
Heartbreak Ridge,Heartbreak Ridge,Plex,R,Surround,No,130,DVD,Movie,1986,
Honkytonk Man,Honkytonk Man,Plex,PG,Surround,No,123,DVD,Movie,1982,
Horrible Bosses,Horrible Bosses,Play Movies,R,Surround,No,97,DVD,Movie,2011,
House Season 1 (24 Episodes),House Season 1 (24 Episodes),Plex,TV-14,Surround,No,972,DVD,TV,2004,
House Season 2 (24 Episodes),House Season 2 (24 Episodes),Plex,TV-14,Surround,No,1044,DVD,TV,2005,
How I Met Your Mother Season 1 (22 Episodes),How I Met Your Mother Season 1 (22 Episodes),Plex,TV-14,Surround,No,482,DVD,TV,2005,
How I Met Your Mother Season 2 (22 Episodes),How I Met Your Mother Season 2 (22 Episodes),Plex,TV-14,Surround,No,521,DVD,TV,2006,
How I Met Your Mother Season 3 (20 Episodes),How I Met Your Mother Season 3 (20 Episodes),Plex,TV-14,Surround,No,429,DVD,TV,2007,
How I Met Your Mother Season 4 (24 Episodes),How I Met Your Mother Season 4 (24 Episodes),Plex,TV-14,Surround,No,513,DVD,TV,2008,
How I Met Your Mother Season 5 (24 Episodes),How I Met Your Mother Season 5 (24 Episodes),Plex,TV-14,Surround,No,558,DVD,TV,2009,
How I Met Your Mother Season 6 (24 Episodes),How I Met Your Mother Season 6 (24 Episodes),Plex,TV-14,Surround,No,558,DVD,TV,2010,
How I Met Your Mother Season 7 (23 Episodes),How I Met Your Mother Season 7 (23 Episodes),Plex,TV-14,Surround,No,516,DVD,TV,2011,
How I Met Your Mother Season 8 (23 Episodes),How I Met Your Mother Season 8 (23 Episodes),Plex,TV-14,Surround,No,517,DVD,TV,2012,
How I Met Your Mother Season 9 (23 Episodes),How I Met Your Mother Season 9 (23 Episodes),Plex,TV-14,Surround,No,516,DVD,TV,2013,
How to Train Your Dragon,How to Train Your Dragon,Plex,PG,Surround,No,98,Blu-ray,Movie,2010,
Human Vol. 1,Human Vol. 1,Play Movies,G,Stereo,No,83,None,Movie,2015,
The Hundred-Foot Journey,Hundred-Foot Journey,Play Movies,PG,Surround,No,122,Blu-ray,Movie,2014,
Ice Age,Ice Age,Play Movies,PG,Surround,No,81,None,Movie,2002,
Idiocracy,Idiocracy,Plex,R,Surround,No,87,DVD,Movie,2006,
Inception,Inception,Plex,PG-13,Surround,No,148,DVD,Movie,2010,
Inside Out,Inside Out,Play Movies,PG,Surround,No,94,Blu-ray,Movie,2015,
Interstellar,Interstellar,Play Movies,PG-13,Surround,No,169,None,Movie,2014,
Invictus,Invictus,Plex,PG-13,Surround,No,133,DVD,Movie,2009,
Iron Man,Iron Man,Plex,PG-13,Surround,No,125,DVD,Movie,2008,Marvel Phase 1: 1
Iron Man 2,Iron Man 2,Play Movies,PG-13,Surround,No,124,None,Movie,2010,Marvel Phase 1: 3
Jason Bourne,Jason Bourne,Play Movies,PG-13,Surround,No,123,None,Movie,2016,
Jaws,Jaws,Plex,PG,Surround,No,125,DVD,Movie,1975,
Jumanji: Welcome to the Jungle,Jumanji 2,Play Movies,PG-13,Atmos,Yes,119,Blu-ray,Movie,2017,
Jumanji: The Next Level,Jumanji 3,Play Movies,PG-13,Surround,Yes,123,None,Movie,2019,
Jurassic Park,Jurassic Park,Play Movies,PG-13,Surround,No,126,Blu-ray,Movie,1993,
Jurassic Park: The Lost World,Jurassic Park 2,Play Movies,PG-13,Surround,No,128,Blu-ray,Movie,1997,
Jurassic Park III,Jurassic Park 3,Plex,PG-13,Surround,No,94,Blu-ray,Movie,2001,
Jurassic World,Jurassic World,Play Movies,PG-13,Surround,No,124,Blu-ray,Movie,2015,
Katy Perry: Part of Me,Katy Perry: Part of Me,Plex,PG,Surround,No,93,DVD,Movie,2012,
Kelly's Heroes,Kelly's Heroes,Plex,GP,Surround,No,143,DVD,Movie,1970,
King of the Hill Season 1 (13 Episodes),King of the Hill Season 1 (13 Episodes),Plex,TV-PG,Surround,No,299,DVD,TV,1997,
Knives Out,Knives Out,Play Movies,PG-13,Atmos,No,130,Blu-ray,Movie,2019,
La Luna,La Luna,Play Movies,G,Surround,No,7,None,Movie,2011,
The LEGO Movie,LEGO Movie,Play Movies,PG,Surround,No,100,Blu-ray,Movie,2014,
Letters from Iwo Jima,Letters from Iwo Jima,Plex,R,Surround,No,140,DVD,Movie,2006,
Licence to Kill,Licence to Kill,Plex,PG-13,Stereo,No,133,Blu-ray,Movie,1989,James Bond 16
Little Miss Sunshine,Little Miss Sunshine,Plex,R,Surround,No,103,DVD,Movie,2006,
Live and Let Die,Live and Let Die,Plex,PG,Mono,No,121,Blu-ray,Movie,1973,James Bond 8
The Living Daylights,Living Daylights,Plex,PG,Stereo,No,130,Blu-ray,Movie,1987,James Bond 15
Logan,Logan,Plex,R,Atmos,Yes,137,Blu-ray,Movie,2017,
Logan Noir,Logan Noir,Plex,R,Atmos,Yes,137,Blu-ray,Movie,2017,
The Lord of the Rings: The Fellowship of the Ring,Lord of the Rings 1,Play Movies,PG-13,Stereo,No,178,None,Movie,2001,
The Lord of the Rings: The Fellowship of the Ring (Extended Edition),Lord of the Rings: 1 (Extended Edition),Plex,PG-13,Surround,No,208,DVD,Movie,2002,
The Lord of the Rings: The Two Towers (Extended Edition),Lord of the Rings: 2 (Extended Edition),Plex,PG-13,Surround,No,223,DVD,Movie,2003,
The Lord of the Rings: The Return of the King (Extended Edition),Lord of the Rings: 3 (Extended Edition),Plex,PG-13,Surround,No,250,DVD,Movie,2004,
Lost Season 1 (24 Episodes),Lost Season 1 (24 Episodes),Plex,TV-14,Surround,No,1068,DVD,TV,2005,
Lost Season 2 (24 Episodes),Lost Season 2 (24 Episodes),Plex,TV-14,Surround,No,1056,DVD,TV,2006,
Lost Season 3 (23 Episodes) ,Lost Season 3 (23 Episodes) ,Plex,TV-14,Surround,No,991,DVD,TV,2007,
Lost Season 5 (16 Episodes),Lost Season 5 (16 Episodes),Plex,TV-14,Surround,No,731,DVD,TV,2009,
Love Actually,Love Actually,DVD,R,Surround,No,135,DVD,Movie,2004,
Mad Max: Fury Road,Mad Max: Fury Road,Play Movies,R,Atmos,No,120,Blu-ray,Movie,2015,
Magnum Force,Magnum Force,Plex,R,Surround,No,124,DVD,Movie,1973,
Man of Steel,Man of Steel,Play Movies,PG-13,Atmos,Yes,143,Blu-ray,Movie,2013,DCEU 1
Batman v Superman: Dawn of Justice,Batman v Superman,Plex,R,Atmos,No,182,Blu-ray,Movie,2016,DCEU 2
Justice League,Justice League,Plex,PG-13,Atmos,Yes,120,Blu-ray,Movie,2017,DCEU 5
Zack Snyder's Justice League,Justice League - Snyder Cut,Blu-ray,PG-13,Atmos,Yes,242,Blu-ray,Movie,2021,DECU 5.5
The Man with the Golden Gun,Man with the Golden Gun,Blu-ray,PG,Mono,No,125,Blu-ray,Movie,1974,James Bond 9
The Matrix,Matrix,Plex,R,Surround,No,138,DVD,Movie,1999,
The Matrix Reloaded,Matrix 2,Plex,R,Surround,No,138,DVD,Movie,2003,
The Matrix Revolutions,Matrix 3,Plex,R,Surround,No,129,DVD,Movie,2003,
Mean Girls,Mean Girls,Plex,PG-13,Surround,No,96,DVD,Movie,2004,
Mean Girls 2,Mean Girls 2,Plex,PG-13,Surround,No,96,DVD,Movie,2011,
Meet the Parents,Meet the Parents,Plex,PG-13,Surround,No,108,DVD,Movie,2000,
Meet the Fockers,Meet the Parents 2,Plex,PG-13,Surround,No,116,DVD,Movie,2004,
Megamind,Megamind,Plex,PG,Surround,No,96,Blu-ray,Movie,2011,
Men in Black,Men in Black,Plex,PG-13,Surround,No,98,DVD,Movie,1997,
Metallica: S&M,Metallica: S&M,Plex,N/A,Surround,No,145,DVD,Movie,2000,
Metallica: Some Kind of Monster,Metallica: Some Kind of Monster,Plex,N/A,Surround,No,140,DVD,Movie,2004,
Metallica: The Videos 1989-2004,Metallica: The Videos 1989-2004,Plex,N/A,Surround,No,141,DVD,TV,2006,
Midnight in the Garden of Good and Evil,Midnight in the Garden of Good and Evil,Plex,R,Surround,No,155,DVD,Movie,1997,
Million Dollar Baby,Million Dollar Baby,Plex,PG-13,Surround,No,132,DVD,Movie,2004,
Mobile Suit Gundam 0080: War in the Pocket,Mobile Suit Gundam 0080: War in the Pocket,Google Drive,N/A,Surround,No,162,None,TV,1989,
Mobile Suit Gundam SEED - Unexpected Meetings (Vol. 2) (5 Episodes),Mobile Suit Gundam SEED - Unexpected Meetings (Vol. 2) (5 Episodes),Plex,TV-14,Stereo,No,125,DVD,TV,2004,
Mobile Suit Gundam SEED Freedom,Mobile Suit Gundam SEED 3,Plex,N/A,Surround,No,124,None,Movie,2024,
Mobile Suit Gundam Thunderbolt: December Sky,Mobile Suit Gundam Thunderbolt,Plex,N/A,Stereo,No,69,None,Movie,2016,
Mobile Suit Gundam Wing: Endless Waltz (3 Episodes),Mobile Suit Gundam Wing: Endless Waltz (3 Episodes),Plex,TV-14,Stereo,No,90,Blu-ray,TV,1997,
Mobile Suit Gundam: Cucuruz Doan's Island,Mobile Suit Gundam: Cucuruz Doan's Island,Play Movies,TV-14,Surround,No,108,None,Movie,2022,
"Monsters, Inc.","Monsters, Inc.",Plex,G,Surround,No,92,Blu-ray,Movie,2001,
Monty Python and the Holy Grail,Monty Python and the Holy Grail,Plex,PG,Surround,No,89,DVD,Movie,1975,
Moonraker,Moonraker,Plex,PG,Stereo,No,126,Blu-ray,Movie,1979,James Bond 11
Morris-Thompson Family Chronicles: 1963-1978,Morris-Thompson Family Chronicles: 1963-1978,Plex,N/A,Mono,No,39,DVD,Movie,2007,
Moulin Rouge!,Moulin Rouge!,Plex,PG-13,Surround,No,128,Blu-ray,Movie,2001,
Mr. Woodcock,Mr. Woodcock,Plex,PG-13,Surround,No,88,DVD,Movie,2007,
Mobile Suit Gundam MS IGLOO 2: The Gravity Front (3 Episodes),MS IGLOO 2,Plex,N/A,Surround,No,87,None,TV,2008,
Mobile Suit Gundam MS IGLOO: The Hidden One Year War (3 Episodes),MS IGLOO Season 1,Plex,N/A,Surround,No,82,None,TV,2004,
Mobile Suit Gundam MS IGLOO: Apocalypse 0079 (3 Episodes),MS IGLOO Season 2,Plex,N/A,Surround,No,85,None,TV,2006,
Murder by Death,Murder by Death,Plex,PG,Mono,No,94,DVD,Movie,1976,
The Mystery Mavs,Mystery Mavs,Plex,N/A,Stereo,No,35,DVD,TV,2005,
Mystic River,Mystic River,Plex,R,Surround,No,138,DVD,Movie,2003,
Napoleon Dynamite,Napoleon Dynamite,Plex,PG,Surround,No,95,DVD,Movie,2004,
National Treasure,National Treasure,Plex,PG,Surround,No,131,DVD,Movie,2005,
Necessary Evil: Super-Villains of DC Comics,Necessary Evil: Super-Villains of DC Comics,Plex,N/A,Surround,No,99,DVD,Movie,2013,
Night at the Museum,Night at the Museum,Play Movies,PG,Surround,No,108,None,Movie,2006,
No Time to Die,No Time to Die,Blu-ray,PG-13,Atmos,Yes,163,Blu-ray,Movie,2021,James Bond 25
Octopussy,Octopussy,Plex,PG,Stereo,No,131,Blu-ray,Movie,1983,James Bond 13
The Office Season 1 (6 Episodes),Office Season 1 (6 Episodes),Plex,TV-14,Stereo,No,135,DVD,TV,2005,
The Office Season 2 (22 Episodes),Office Season 2 (22 Episodes),Plex,TV-14,Surround,No,477,DVD,TV,2006,
The Office Season 3 (22 Episodes),Office Season 3 (22 Episodes),Plex,TV-14,Surround,No,574,DVD,TV,2007,
The Office Season 4 (14 Episodes),Office Season 4 (14 Episodes),Plex,TV-14,Surround,No,405,DVD,TV,2008,
The Office Season 5 (26 Episodes),Office Season 5 (26 Episodes),Plex,TV-14,Surround,No,608,DVD,TV,2009,
On Her Majesty's Secret Service,On Her Majesty's Secret Service,Plex,PG,Mono,No,142,Blu-ray,Movie,1969,James Bond 6
The Other Guys,Other Guys,Play Movies,PG-13,Stereo,No,107,None,Movie,2010,
The Outlaw Josey Wales,Outlaw Josey Wales,Plex,PG,Surround,No,136,DVD,Movie,1976,
Pale Rider,Pale Rider,Plex,R,Surround,No,116,DVD,Movie,1985,
Patriots Day,Patriots Day,Play Movies,R,Surround,No,133,Blu-ray,Movie,2016,
Pineapple Express,Pineapple Express,Plex,R,Surround,No,117,DVD,Movie,2008,
Pink Cadillac,Pink Cadillac,Plex,PG-13,Surround,No,121,DVD,Movie,1989,
Pirates of the Caribbean: The Curse of the Black Pearl,Pirates of the Caribbean,Plex,PG-13,Surround,No,143,DVD,Movie,2003,
Pirates of the Caribbean: Dead Man's Chest,Pirates of the Caribbean 2,Plex,PG-13,Surround,No,150,DVD,Movie,2006,
The Princess Bride,Princess Bride,Plex,PG,Surround,No,98,DVD,Movie,1987,
The Princess Diaries,Princess Diaries,Plex,G,Surround,No,115,DVD,Movie,2001,
Psych Season 4 (16 Episodes),Psych Season 4 (16 Episodes),Plex,TV-PG,Surround,No,702,DVD,TV,2009,
Quantum of Solace,Quantum of Solace,Plex,PG-13,Surround,No,106,Blu-ray,Movie,2008,James Bond 22
Rememory,Rememory,Play Movies,PG-13,Surround,No,111,None,Movie,2017,
Rick and Morty Season 1 (11 Episodes),Rick and Morty Season 1 (11 Episodes),Play Movies,TV-MA,Stereo,No,247,None,TV,2013,
Rick and Morty Season 2 (10 Episodes),Rick and Morty Season 2 (10 Episodes),Play Movies,TV-MA,Stereo,No,230,None,TV,2015,
Rick and Morty Season 3 (10 Episodes),Rick and Morty Season 3 (10 Episodes),Play Movies,TV-MA,Stereo,No,222,None,TV,2017,
Rick and Morty Season 4 (10 Episodes),Rick and Morty Season 4 (10 Episodes),Play Movies,TV-MA,Stereo,No,218,None,TV,2019,
Rick and Morty Season 5 (10 Episodes),Rick and Morty Season 5 (10 Episodes),Play Movies,TV-MA,Surround,No,,None,TV,2021,
Rick and Morty Season 6 (10 Episodes),Rick and Morty Season 6 (10 Episodes),Play Movies,TV-MA,Stereo,No,,None,TV,2022,
Rick and Morty Season 7 (10 Episodes),Rick and Morty Season 7 (10 Episodes),Play Movies,TV-MA,Stereo,No,,None,TV,2022,
Rite Here Rite Now,Rite Here Rite Now,Plex,N/A,Surround,Yes,145,Blu-ray,Movie,2024,
Rogue One: A Star Wars Story,Rogue One: A Star Wars Story,Plex,PG-13,Surround,No,133,Blu-ray,Movie,2016,
Romeo + Juliet,Romeo + Juliet,Plex,PG-13,Surround,No,120,Blu-ray,Movie,1996,
The Rookie,Rookie,Plex,R,Surround,No,121,DVD,Movie,1990,
Rushmore,Rushmore,Plex,R,Surround,No,93,DVD,Movie,1998,
Saturday Night Live: The Best of Adam Sandler,Saturday Night Live: The Best of Adam Sandler,Plex,N/A,Stereo,No,73,DVD,TV,1999,
Saturday Night Live: The Best of Chris Farley,Saturday Night Live: The Best of Chris Farley,Plex,TV-14,Stereo,No,50,DVD,TV,2000,
Saturday Night Live: The Best of Mike Myers,Saturday Night Live: The Best of Mike Myers,Plex,N/A,Stereo,No,84,DVD,TV,1998,
Saturday Night Live: The Best of Will Ferrell,Saturday Night Live: The Best of Will Ferrell,Plex,N/A,Stereo,No,72,DVD,TV,2002,
"Scooby-Doo, Where Are You! Season 1 (14 Episodes)","Scooby-Doo, Where Are You! Season 1 (14 Episodes)",Plex,TV-G,Mono,No,308,DVD,TV,1969,
"Scooby-Doo, Where Are You! Season 2 (11 Episodes)","Scooby-Doo, Where Are You! Season 2 (11 Episodes)",Plex,TV-G,Mono,No,237,DVD,TV,1970,
"Scooby-Doo, Where Are You! Season 3 (16 Episodes)","Scooby-Doo, Where Are You! Season 3 (16 Episodes)",Plex,TV-G,Mono,No,352,DVD,TV,1978,
Searching for Sugar Man,Searching for Sugar Man,Plex,PG-13,Surround,No,87,DVD,Movie,2012,
Secondhand Lions,Secondhand Lions,Play Movies,PG,Stereo,No,109,None,Movie,2003,
Shazam!,Shazam!,Play Movies,PG-13,Atmos,No,131,Blu-ray,Movie,2019,DCEU 7
Sherlock Holmes,Sherlock Holmes,Plex,PG-13,Surround,No,128,DVD,Movie,2009,
Sherlock Holmes: A Game of Shadows,Sherlock Holmes 2,Plex,PG-13,Surround,No,129,DVD,Movie,2011,
Shrek,Shrek,Play Movies,PG,,No,89,DVD,Movie,2001,
Shrek 2,Shrek 2,DVD,PG,,No,90,DVD,Movie,2004,
Shrek the Third,Shrek 3,Plex,PG,Surround,No,91,DVD,Movie,2007,
Shrek Forever After,Shrek 4,DVD,PG,,No,93,DVD,Movie,2010,
The Simpsons Movie,Simpsons Movie,Plex,PG-13,Surround,No,87,DVD,Movie,2007,
Sky High,Sky High,Plex,PG,Stereo,No,100,DVD,Movie,2005,
Skyfall,Skyfall,Plex,PG-13,Surround,No,143,Blu-ray,Movie,2012,James Bond 23
Sleeping Beauty,Sleeping Beauty,Plex,G,Surround,No,75,DVD,Movie,1959,
South Park Season 3 (17 Episodes),South Park Season III,Plex,TV-MA,Stereo,No,374,DVD,TV,2000,
South Park Season 13 (14 Episodes),South Park Season XIII,Plex,TV-MA,Stereo,No,308,DVD,TV,2009,
Space Cowboys,Space Cowboys,Plex,PG-13,Surround,No,130,DVD,Movie,2000,
Spaceballs,Spaceballs,Play Movies,PG,Stereo,No,96,None,Movie,1987,
Spectre,Spectre,Play Movies,PG-13,Surround,No,148,Blu-ray,Movie,2015,James Bond 24
Spider-Man: Homecoming,Spider-Man,Play Movies,PG-13,Surround,Yes,133,None,Movie,2017,Marvel Phase 3: 4
Spider-Man: Far from Home,Spider-Man 2,Play Movies,PG-13,Surround,Yes,129,None,Movie,2019,Marvel Phase 3: 11
Spider-Man: Into the Spider-Verse,Spider-Man: Into the Spider-Verse,Play Movies,PG,Surround,No,117,Blu-ray,Movie,2018,
Split,Split,Play Movies,PG-13,Surround,No,117,None,Movie,2017,
The Spy Who Loved Me,Spy Who Loved Me,Plex,PG,Mono,No,125,Blu-ray,Movie,1977,James Bond 10
Star Wars,Star Wars - Episode IV,Plex,PG,Surround,No,125,Blu-ray,Movie,1977,
Star Wars: Clone Wars Volume 1,Star Wars: Clone Wars Volume 1,Plex,TV-Y7,Surround,No,69,DVD,TV,2003,
Star Wars: Clone Wars Volume 2,Star Wars: Clone Wars Volume 2,Plex,TV-Y7,Surround,No,64,DVD,TV,2005,
Star Wars: Episode I - The Phantom Menace,Star Wars: Episode I - The Phantom Menace,Plex,PG,Surround,No,136,DVD,Movie,1999,
Star Wars: Episode II - Attack of the Clones,Star Wars: Episode II - Attack of the Clones,Plex,PG,Surround,No,142,DVD,Movie,2002,
The Empire Strikes Back,Star Wars: Episode V,Plex,PG,Surround,No,120,Blu-ray,Movie,1980,
Return of the Jedi,Star Wars: Episode VI,Plex,PG,Surround,No,136,Blu-ray,Movie,1983,
Star Wars: The Force Awakens,Star Wars: Episode VII,Play Movies,PG-13,Surround,No,138,Blu-ray,Movie,2015,
Step Brothers,Step Brothers,Plex,R,Surround,No,106,DVD,Movie,2008,
Strange Wilderness,Strange Wilderness,Plex,R,Surround,No,84,DVD,Movie,2008,
Sudden Impact,Sudden Impact,Plex,R,Surround,No,117,DVD,Movie,1983,
Suicide Squad,Suicide Squad,Play Movies,PG-13,Surround,Yes,122,None,Movie,2016,DCEU 3
Suicide Squad (Extended Cut),Suicide Squad (Extended Cut),Play Movies,PG-13,Surround,No,134,None,Movie,2016,DCEU 3 (Extended)
The Super Mario Bros. Movie,Super Mario Bros. Movie,Play Movies,PG,Atmos*,Yes,92,None,Movie,2023,
Tag,Tag,Play Movies,R,Surround,Yes,100,None,Movie,2018,
Talladega Nights: The Ballad of Ricky Bobby,Talladega Nights: The Ballad of Ricky Bobby,Plex,PG-13,Surround,No,121,DVD,Movie,2006,
Team America: World Police,Team America: World Police,Plex,R,Surround,No,98,DVD,Movie,2004,
Thor: Ragnarok,Thor: Ragnarok,Play Movies,PG-13,Surround,No,130,Blu-ray,Movie,2017,
Thunderball,Thunderball,Plex,PG,Mono,No,130,Blu-ray,Movie,1965,James Bond 4
Tightrope,Tightrope,Plex,R,Surround,No,114,DVD,Movie,1984,
Tomorrow Never Dies,Tomorrow Never Dies,Plex,PG-13,Surround,No,119,Blu-ray,Movie,1997,James Bond 18
Toy Story 3,Toy Story 3,Plex,G,Surround,No,103,DVD,Movie,2010,
Transformers,Transformers,Play Movies,PG-13,Surround,No,143,None,Movie,2007,
Transformers: Revenge of the Fallen,Transformers 2,Plex,PG-13,Surround,No,149,DVD,Movie,2009,
Transformers: Dark of the Moon,Transformers 3,Play Movies,PG-13,Surround,No,154,None,Movie,2011,
True Crime,True Crime,Plex,R,Surround,No,127,DVD,Movie,1999,
Turn A Gundam,Turn A Gundam,Plex,TV-PG,Stereo,No,625,None,TV,1999,
Unforgiven,Unforgiven,Plex,R,Surround,No,131,DVD,Movie,1992,
Up,Up,Plex,PG,Surround,No,96,DVD,Movie,2009,
The Usual Suspects,Usual Suspects,Plex,R,Surround,No,105,DVD,Movie,1995,
V for Vendetta,V for Vendetta,Plex,R,Surround,No,132,Blu-ray,Movie,2008,
War of the Arrows,War of the Arrows,Play Movies,R,Stereo,No,122,None,Movie,2011,
"War, Inc.","War, Inc.",Plex,R,Surround,No,107,DVD,Movie,2007,
Watchmen,Watchmen,Plex,R,Surround,No,162,DVD,Movie,2009,
The Waterboy,Waterboy,Plex,PG-13,Surround,No,90,DVD,Movie,1998,
We're the Millers,We're the Millers,Play Movies,R,Surround,No,109,None,Movie,2013,
Where Eagles Dare,Where Eagles Dare,Plex,PG,Surround,No,155,DVD,Movie,1968,
Where the Wild Things Are,Where the Wild Things Are,Plex,PG,Surround,No,101,DVD,Movie,2010,
"White Hunter, Black Heart","White Hunter, Black Heart",Plex,PG,Surround,No,112,DVD,Movie,1990,
Willy Wonka and the Chocolate Factory,Willy Wonka and the Chocolate Factory,Plex,G,Surround,No,100,DVD,Movie,1971,
Without a Paddle,Without a Paddle,Plex,PG-13,Surround,No,98,Blu-ray,Movie,2004,
Wonder Woman,Wonder Woman,Plex,PG-13,Atmos,Yes,141,Blu-ray,Movie,2017,DCEU 4
The World is Not Enough,World is Not Enough,Plex,PG-13,Surround,No,128,Blu-ray,Movie,1999,James Bond 19
Wreck-It Ralph,Wreck-It Ralph,Play Movies,PG,Surround,No,101,Blu-ray,Movie,2012,
X-Men,X-Men,Play Movies,PG-13,Surround,No,104,None,Movie,2000,
X-Men: First Class,X-Men 4,Plex,PG-13,Surround,No,132,Blu-ray,Movie,2011,
X-Men: Days of Future Past,X-Men 5,Play Movies,PG-13,Surround,No,131,None,Movie,2014,
You Bet Your Life: The Lost Episodes (18 Episodes),You Bet Your Life: The Lost Episodes (18 Episodes),Plex,N/A,Mono,No,477,DVD,TV,2003,
You Only Live Twice,You Only Live Twice,Plex,PG,Mono,No,117,Blu-ray,Movie,1967,James Bond 5
Young Frankenstein,Young Frankenstein,Plex,PG,Mono,No,102,DVD,Movie,1974,
Zoolander,Zoolander,Plex,PG-13,Surround,No,89,DVD,Movie,2001,